"Date","MCP ","SMP ","Positive Imbalance Price (TL/MWh)","Negative Imbalance Price (TL/MWh)","SMP Direction"
"01.07.20 00:00","323.85","211.00","204.67","333.57","?Energy Surplus"
"01.07.20 01:00","326.95","201.00","194.97","336.76","?Energy Surplus"
"01.07.20 02:00","324.31","211.00","204.67","334.04","?Energy Surplus"
"01.07.20 03:00","322.11","211.00","204.67","331.77","?Energy Surplus"
"01.07.20 04:00","320.00","201.00","194.97","329.60","?Energy Surplus"
"01.07.20 05:00","286.21","181.00","175.57","294.80","?Energy Surplus"
"01.07.20 06:00","210.13","113.75","110.34","216.43","?Energy Surplus"
"01.07.20 07:00","318.20","201.00","194.97","327.75","?Energy Surplus"
"01.07.20 08:00","324.85","181.00","175.57","334.60","?Energy Surplus"
"01.07.20 09:00","327.67","181.00","175.57","337.50","?Energy Surplus"
"01.07.20 10:00","329.60","250.00","242.50","339.49","?Energy Surplus"
"01.07.20 11:00","329.99","329.99","320.09","339.89","? Energy Deficit"
"01.07.20 12:00","324.21","342.80","314.48","353.08","? Energy Deficit"
"01.07.20 13:00","327.83","355.83","318.00","366.50","? Energy Deficit"
"01.07.20 14:00","332.37","377.37","322.40","388.69","? Energy Deficit"
"01.07.20 15:00","331.29","376.29","321.35","387.58","? Energy Deficit"
"01.07.20 16:00","331.14","375.00","321.21","386.25","? Energy Deficit"
"01.07.20 17:00","330.81","360.81","320.89","371.63","? Energy Deficit"
"01.07.20 18:00","327.06","351.46","317.25","362.00","? Energy Deficit"
"01.07.20 19:00","325.04","342.80","315.29","353.08","? Energy Deficit"
"01.07.20 20:00","329.11","250.00","242.50","338.98","?Energy Surplus"
"01.07.20 21:00","329.95","280.00","271.60","339.85","?Energy Surplus"
"01.07.20 22:00","327.72","282.72","274.24","337.55","?Energy Surplus"
"01.07.20 23:00","322.85","273.00","264.81","332.54","?Energy Surplus"
"02.07.20 00:00","300.26","310.26","291.25","319.57","? Energy Deficit"
"02.07.20 01:00","302.94","310.00","293.85","319.30","? Energy Deficit"
"02.07.20 02:00","300.46","301.00","291.45","310.03","? Energy Deficit"
"02.07.20 03:00","199.33","234.33","193.35","241.36","? Energy Deficit"
"02.07.20 04:00","268.88","298.88","260.81","307.85","? Energy Deficit"
"02.07.20 05:00","223.99","253.99","217.27","261.61","? Energy Deficit"
"02.07.20 06:00","199.33","229.33","193.35","236.21","? Energy Deficit"
"02.07.20 07:00","300.01","335.01","291.01","345.06","? Energy Deficit"
"02.07.20 08:00","308.23","343.23","298.98","353.53","? Energy Deficit"
"02.07.20 09:00","312.91","377.67","303.52","389.00","? Energy Deficit"
"02.07.20 10:00","316.74","389.60","307.24","401.29","? Energy Deficit"
"02.07.20 11:00","319.22","401.06","309.64","413.09","? Energy Deficit"
"02.07.20 12:00","313.71","401.60","304.30","413.65","? Energy Deficit"
"02.07.20 13:00","317.90","402.00","308.36","414.06","? Energy Deficit"
"02.07.20 14:00","321.50","404.01","311.86","416.13","? Energy Deficit"
"02.07.20 15:00","320.99","404.02","311.36","416.14","? Energy Deficit"
"02.07.20 16:00","320.24","404.02","310.63","416.14","? Energy Deficit"
"02.07.20 17:00","319.68","403.61","310.09","415.72","? Energy Deficit"
"02.07.20 18:00","315.22","401.60","305.76","413.65","? Energy Deficit"
"02.07.20 19:00","313.77","400.00","304.36","412.00","? Energy Deficit"
"02.07.20 20:00","316.98","400.00","307.47","412.00","? Energy Deficit"
"02.07.20 21:00","317.68","400.00","308.15","412.00","? Energy Deficit"
"02.07.20 22:00","316.53","387.72","307.03","399.35","? Energy Deficit"
"02.07.20 23:00","311.94","372.85","302.58","384.04","? Energy Deficit"
"03.07.20 00:00","306.33","350.00","297.14","360.50","? Energy Deficit"
"03.07.20 01:00","308.02","350.00","298.78","360.50","? Energy Deficit"
"03.07.20 02:00","305.06","350.00","295.91","360.50","? Energy Deficit"
"03.07.20 03:00","302.66","350.00","293.58","360.50","? Energy Deficit"
"03.07.20 04:00","302.55","342.95","293.47","353.24","? Energy Deficit"
"03.07.20 05:00","300.70","340.70","291.68","350.92","? Energy Deficit"
"03.07.20 06:00","293.00","334.79","284.21","344.83","? Energy Deficit"
"03.07.20 07:00","304.55","339.60","295.41","349.79","? Energy Deficit"
"03.07.20 08:00","312.05","341.05","302.69","351.28","? Energy Deficit"
"03.07.20 09:00","321.07","356.10","311.44","366.78","? Energy Deficit"
"03.07.20 10:00","324.82","374.82","315.08","386.06","? Energy Deficit"
"03.07.20 11:00","327.89","382.90","318.05","394.39","? Energy Deficit"
"03.07.20 12:00","320.86","375.90","311.23","387.18","? Energy Deficit"
"03.07.20 13:00","320.01","402.00","310.41","414.06","? Energy Deficit"
"03.07.20 14:00","329.38","460.00","319.50","473.80","? Energy Deficit"
"03.07.20 15:00","330.64","460.00","320.72","473.80","? Energy Deficit"
"03.07.20 16:00","330.01","404.30","320.11","416.43","? Energy Deficit"
"03.07.20 17:00","328.30","402.61","318.45","414.69","? Energy Deficit"
"03.07.20 18:00","321.35","371.35","311.71","382.49","? Energy Deficit"
"03.07.20 19:00","319.49","369.49","309.91","380.57","? Energy Deficit"
"03.07.20 20:00","324.18","374.00","314.45","385.22","? Energy Deficit"
"03.07.20 21:00","325.28","375.30","315.52","386.56","? Energy Deficit"
"03.07.20 22:00","323.73","373.70","314.02","384.91","? Energy Deficit"
"03.07.20 23:00","316.79","365.00","307.29","375.95","? Energy Deficit"
"04.07.20 00:00","309.82","365.00","300.53","375.95","? Energy Deficit"
"04.07.20 01:00","309.14","360.64","299.87","371.46","? Energy Deficit"
"04.07.20 02:00","307.21","357.16","297.99","367.87","? Energy Deficit"
"04.07.20 03:00","304.00","349.00","294.88","359.47","? Energy Deficit"
"04.07.20 04:00","302.39","347.39","293.32","357.81","? Energy Deficit"
"04.07.20 05:00","300.00","330.00","291.00","339.90","? Energy Deficit"
"04.07.20 06:00","238.06","238.06","230.92","245.20","? Energy Deficit"
"04.07.20 07:00","300.96","310.96","291.93","320.29","? Energy Deficit"
"04.07.20 08:00","304.20","314.20","295.07","323.63","? Energy Deficit"
"04.07.20 09:00","307.58","319.50","298.35","329.08","? Energy Deficit"
"04.07.20 10:00","310.00","320.00","300.70","329.60","? Energy Deficit"
"04.07.20 11:00","313.13","324.99","303.74","334.74","? Energy Deficit"
"04.07.20 12:00","309.99","324.99","300.69","334.74","? Energy Deficit"
"04.07.20 13:00","313.29","324.99","303.89","334.74","? Energy Deficit"
"04.07.20 14:00","313.88","333.90","304.46","343.92","? Energy Deficit"
"04.07.20 15:00","313.65","329.99","304.24","339.89","? Energy Deficit"
"04.07.20 16:00","312.02","329.99","302.66","339.89","? Energy Deficit"
"04.07.20 17:00","310.82","330.80","301.50","340.72","? Energy Deficit"
"04.07.20 18:00","310.38","325.38","301.07","335.14","? Energy Deficit"
"04.07.20 19:00","309.89","329.90","300.59","339.80","? Energy Deficit"
"04.07.20 20:00","313.13","330.00","303.74","339.90","? Energy Deficit"
"04.07.20 21:00","314.25","324.25","304.82","333.98","? Energy Deficit"
"04.07.20 22:00","311.37","256.17","248.48","320.71","?Energy Surplus"
"04.07.20 23:00","304.86","235.00","227.95","314.01","?Energy Surplus"
"05.07.20 00:00","304.50","205.00","198.85","313.63","?Energy Surplus"
"05.07.20 01:00","306.47","266.47","258.48","315.66","?Energy Surplus"
"05.07.20 02:00","304.33","254.00","246.38","313.46","?Energy Surplus"
"05.07.20 03:00","301.26","256.26","248.57","310.30","?Energy Surplus"
"05.07.20 04:00","303.02","209.00","202.73","312.11","?Energy Surplus"
"05.07.20 05:00","258.07","175.00","169.75","265.81","?Energy Surplus"
"05.07.20 06:00","199.98","199.98","193.98","205.98","?Energy Surplus"
"05.07.20 07:00","259.47","171.00","165.87","267.25","?Energy Surplus"
"05.07.20 08:00","199.98","120.00","116.40","205.98","?Energy Surplus"
"05.07.20 09:00","174.26","124.00","120.28","179.49","?Energy Surplus"
"05.07.20 10:00","199.98","199.97","193.97","205.98","?Energy Surplus"
"05.07.20 11:00","250.01","171.00","165.87","257.51","?Energy Surplus"
"05.07.20 12:00","211.29","156.09","151.41","217.63","?Energy Surplus"
"05.07.20 13:00","222.35","171.00","165.87","229.02","?Energy Surplus"
"05.07.20 14:00","222.36","172.00","166.84","229.03","?Energy Surplus"
"05.07.20 15:00","279.99","230.00","223.10","288.39","?Energy Surplus"
"05.07.20 16:00","256.60","256.60","248.90","264.30","? In Balance"
"05.07.20 17:00","211.29","211.29","204.95","217.63","? In Balance"
"05.07.20 18:00","230.24","230.24","223.33","237.15","? In Balance"
"05.07.20 19:00","292.99","193.00","187.21","301.78","?Energy Surplus"
"05.07.20 20:00","302.25","183.63","178.12","311.32","?Energy Surplus"
"05.07.20 21:00","303.43","197.00","191.09","312.53","?Energy Surplus"
"05.07.20 22:00","302.46","197.00","191.09","311.53","?Energy Surplus"
"05.07.20 23:00","284.08","197.00","191.09","292.60","?Energy Surplus"
"06.07.20 00:00","234.08","234.08","227.06","241.10","? Energy Deficit"
"06.07.20 01:00","300.15","330.10","291.15","340.00","? Energy Deficit"
"06.07.20 02:00","268.88","280.00","260.81","288.40","? Energy Deficit"
"06.07.20 03:00","238.05","238.05","230.91","245.19","? Energy Deficit"
"06.07.20 04:00","238.05","223.05","216.36","245.19","?Energy Surplus"
"06.07.20 05:00","199.98","195.00","189.15","205.98","?Energy Surplus"
"06.07.20 06:00","164.64","155.64","150.97","169.58","?Energy Surplus"
"06.07.20 07:00","194.50","194.50","188.66","200.34","? Energy Deficit"
"06.07.20 08:00","304.39","304.39","295.26","313.52","? Energy Deficit"
"06.07.20 09:00","311.92","321.92","302.56","331.58","? Energy Deficit"
"06.07.20 10:00","317.70","344.00","308.17","354.32","? Energy Deficit"
"06.07.20 11:00","322.76","359.00","313.08","369.77","? Energy Deficit"
"06.07.20 12:00","316.98","327.00","307.47","336.81","? Energy Deficit"
"06.07.20 13:00","321.36","359.00","311.72","369.77","? Energy Deficit"
"06.07.20 14:00","326.24","366.24","316.45","377.23","? Energy Deficit"
"06.07.20 15:00","325.74","365.74","315.97","376.71","? Energy Deficit"
"06.07.20 16:00","326.87","366.80","317.06","377.80","? Energy Deficit"
"06.07.20 17:00","324.80","359.70","315.06","370.49","? Energy Deficit"
"06.07.20 18:00","319.36","352.36","309.78","362.93","? Energy Deficit"
"06.07.20 19:00","317.71","336.71","308.18","346.81","? Energy Deficit"
"06.07.20 20:00","323.60","333.60","313.89","343.61","? Energy Deficit"
"06.07.20 21:00","325.00","350.00","315.25","360.50","? Energy Deficit"
"06.07.20 22:00","323.90","335.00","314.18","345.05","? Energy Deficit"
"06.07.20 23:00","317.73","335.00","308.20","345.05","? Energy Deficit"
"07.07.20 00:00","304.63","329.63","295.49","339.52","? Energy Deficit"
"07.07.20 01:00","305.01","340.01","295.86","350.21","? Energy Deficit"
"07.07.20 02:00","303.20","320.00","294.10","329.60","? Energy Deficit"
"07.07.20 03:00","294.61","320.00","285.77","329.60","? Energy Deficit"
"07.07.20 04:00","267.11","298.88","259.10","307.85","? Energy Deficit"
"07.07.20 05:00","229.96","257.96","223.06","265.70","? Energy Deficit"
"07.07.20 06:00","222.36","222.36","215.69","229.03","?Energy Surplus"
"07.07.20 07:00","270.00","280.00","261.90","288.40","? Energy Deficit"
"07.07.20 08:00","310.00","271.00","262.87","319.30","?Energy Surplus"
"07.07.20 09:00","317.18","340.18","307.66","350.39","? Energy Deficit"
"07.07.20 10:00","322.57","352.57","312.89","363.15","? Energy Deficit"
"07.07.20 11:00","325.01","353.01","315.26","363.60","? Energy Deficit"
"07.07.20 12:00","319.75","334.99","310.16","345.04","? Energy Deficit"
"07.07.20 13:00","324.52","339.00","314.78","349.17","? Energy Deficit"
"07.07.20 14:00","329.67","339.67","319.78","349.86","? Energy Deficit"
"07.07.20 15:00","349.99","350.02","339.49","360.52","? Energy Deficit"
"07.07.20 16:00","335.00","345.00","324.95","355.35","? Energy Deficit"
"07.07.20 17:00","325.32","335.32","315.56","345.38","? Energy Deficit"
"07.07.20 18:00","319.19","319.21","309.61","328.79","? Energy Deficit"
"07.07.20 19:00","316.82","316.82","307.32","326.32","?Energy Surplus"
"07.07.20 20:00","322.21","222.21","215.54","331.88","?Energy Surplus"
"07.07.20 21:00","324.00","195.00","189.15","333.72","?Energy Surplus"
"07.07.20 22:00","318.48","193.00","187.21","328.03","?Energy Surplus"
"07.07.20 23:00","310.35","179.00","173.63","319.66","?Energy Surplus"
"08.07.20 00:00","312.41","179.00","173.63","321.78","?Energy Surplus"
"08.07.20 01:00","311.04","180.00","174.60","320.37","?Energy Surplus"
"08.07.20 02:00","306.32","180.00","174.60","315.51","?Energy Surplus"
"08.07.20 03:00","302.55","176.00","170.72","311.63","?Energy Surplus"
"08.07.20 04:00","301.14","170.00","164.90","310.17","?Energy Surplus"
"08.07.20 05:00","234.09","151.18","146.64","241.11","?Energy Surplus"
"08.07.20 06:00","199.99","169.99","164.89","205.99","?Energy Surplus"
"08.07.20 07:00","299.99","195.84","189.96","308.99","?Energy Surplus"
"08.07.20 08:00","306.77","201.18","195.14","315.97","?Energy Surplus"
"08.07.20 09:00","310.97","235.31","228.25","320.30","?Energy Surplus"
"08.07.20 10:00","314.10","195.00","189.15","323.52","?Energy Surplus"
"08.07.20 11:00","318.99","195.00","189.15","328.56","?Energy Surplus"
"08.07.20 12:00","312.74","195.00","189.15","322.12","?Energy Surplus"
"08.07.20 13:00","316.66","195.00","189.15","326.16","?Energy Surplus"
"08.07.20 14:00","321.35","195.00","189.15","330.99","?Energy Surplus"
"08.07.20 15:00","320.95","195.00","189.15","330.58","?Energy Surplus"
"08.07.20 16:00","320.98","195.00","189.15","330.61","?Energy Surplus"
"08.07.20 17:00","317.42","195.00","189.15","326.94","?Energy Surplus"
"08.07.20 18:00","311.49","195.00","189.15","320.83","?Energy Surplus"
"08.07.20 19:00","309.00","195.00","189.15","318.27","?Energy Surplus"
"08.07.20 20:00","314.68","195.00","189.15","324.12","?Energy Surplus"
"08.07.20 21:00","315.39","201.18","195.14","324.85","?Energy Surplus"
"08.07.20 22:00","312.72","201.18","195.14","322.10","?Energy Surplus"
"08.07.20 23:00","304.37","195.00","189.15","313.50","?Energy Surplus"
"09.07.20 00:00","294.61","193.00","187.21","303.45","?Energy Surplus"
"09.07.20 01:00","300.47","197.00","191.09","309.48","?Energy Surplus"
"09.07.20 02:00","299.71","186.00","180.42","308.70","?Energy Surplus"
"09.07.20 03:00","229.94","177.00","171.69","236.84","?Energy Surplus"
"09.07.20 04:00","234.09","171.00","165.87","241.11","?Energy Surplus"
"09.07.20 05:00","197.50","188.50","182.84","203.43","?Energy Surplus"
"09.07.20 06:00","197.49","123.75","120.04","203.41","?Energy Surplus"
"09.07.20 07:00","221.30","171.00","165.87","227.94","?Energy Surplus"
"09.07.20 08:00","303.34","202.00","195.94","312.44","?Energy Surplus"
"09.07.20 09:00","306.48","207.48","201.26","315.67","?Energy Surplus"
"09.07.20 10:00","311.17","195.00","189.15","320.51","?Energy Surplus"
"09.07.20 11:00","313.77","195.00","189.15","323.18","?Energy Surplus"
"09.07.20 12:00","307.85","189.00","183.33","317.09","?Energy Surplus"
"09.07.20 13:00","311.09","189.00","183.33","320.42","?Energy Surplus"
"09.07.20 14:00","317.13","193.00","187.21","326.64","?Energy Surplus"
"09.07.20 15:00","316.66","193.00","187.21","326.16","?Energy Surplus"
"09.07.20 16:00","312.53","195.00","189.15","321.91","?Energy Surplus"
"09.07.20 17:00","309.99","195.00","189.15","319.29","?Energy Surplus"
"09.07.20 18:00","304.59","195.00","189.15","313.73","?Energy Surplus"
"09.07.20 19:00","302.98","195.00","189.15","312.07","?Energy Surplus"
"09.07.20 20:00","308.85","195.00","189.15","318.12","?Energy Surplus"
"09.07.20 21:00","309.35","195.00","189.15","318.63","?Energy Surplus"
"09.07.20 22:00","306.25","195.00","189.15","315.44","?Energy Surplus"
"09.07.20 23:00","300.56","197.00","191.09","309.58","?Energy Surplus"
"10.07.20 00:00","229.94","220.94","214.31","236.84","?Energy Surplus"
"10.07.20 01:00","294.60","294.60","285.76","303.44","? Energy Deficit"
"10.07.20 02:00","229.94","248.94","223.04","256.41","? Energy Deficit"
"10.07.20 03:00","266.88","266.88","258.87","274.89","? Energy Deficit"
"10.07.20 04:00","299.99","289.99","281.29","308.99","?Energy Surplus"
"10.07.20 05:00","199.28","189.28","183.60","205.26","?Energy Surplus"
"10.07.20 06:00","199.61","179.61","174.22","205.60","?Energy Surplus"
"10.07.20 07:00","201.53","176.53","171.23","207.58","?Energy Surplus"
"10.07.20 08:00","299.99","290.99","282.26","308.99","?Energy Surplus"
"10.07.20 09:00","300.17","301.00","291.16","310.03","? Energy Deficit"
"10.07.20 10:00","304.55","305.00","295.41","314.15","? Energy Deficit"
"10.07.20 11:00","303.77","343.77","294.66","354.08","? Energy Deficit"
"10.07.20 12:00","299.99","329.00","290.99","338.87","? Energy Deficit"
"10.07.20 13:00","299.99","290.99","282.26","308.99","?Energy Surplus"
"10.07.20 14:00","304.73","314.60","295.59","324.04","? Energy Deficit"
"10.07.20 15:00","304.79","329.00","295.65","338.87","? Energy Deficit"
"10.07.20 16:00","306.37","329.00","297.18","338.87","? Energy Deficit"
"10.07.20 17:00","304.63","338.88","295.49","349.05","? Energy Deficit"
"10.07.20 18:00","302.97","332.97","293.88","342.96","? Energy Deficit"
"10.07.20 19:00","300.98","329.00","291.95","338.87","? Energy Deficit"
"10.07.20 20:00","304.56","325.00","295.42","334.75","? Energy Deficit"
"10.07.20 21:00","306.42","329.00","297.23","338.87","? Energy Deficit"
"10.07.20 22:00","303.17","325.00","294.07","334.75","? Energy Deficit"
"10.07.20 23:00","294.90","324.99","286.05","334.74","? Energy Deficit"
"11.07.20 00:00","262.56","253.56","245.95","270.44","?Energy Surplus"
"11.07.20 01:00","300.78","310.78","291.76","320.10","? Energy Deficit"
"11.07.20 02:00","262.56","288.88","254.68","297.55","? Energy Deficit"
"11.07.20 03:00","221.29","261.29","214.65","269.13","? Energy Deficit"
"11.07.20 04:00","262.57","302.50","254.69","311.57","? Energy Deficit"
"11.07.20 05:00","198.61","239.00","192.65","246.17","? Energy Deficit"
"11.07.20 06:00","191.55","232.00","185.80","238.96","? Energy Deficit"
"11.07.20 07:00","194.72","238.00","188.88","245.14","? Energy Deficit"
"11.07.20 08:00","289.88","319.88","281.18","329.48","? Energy Deficit"
"11.07.20 09:00","208.53","278.53","202.27","286.89","? Energy Deficit"
"11.07.20 10:00","299.99","345.00","290.99","355.35","? Energy Deficit"
"11.07.20 11:00","295.99","340.99","287.11","351.22","? Energy Deficit"
"11.07.20 12:00","251.02","300.00","243.49","309.00","? Energy Deficit"
"11.07.20 13:00","299.99","339.90","290.99","350.10","? Energy Deficit"
"11.07.20 14:00","301.13","338.88","292.10","349.05","? Energy Deficit"
"11.07.20 15:00","300.00","329.90","291.00","339.80","? Energy Deficit"
"11.07.20 16:00","301.05","331.05","292.02","340.98","? Energy Deficit"
"11.07.20 17:00","299.99","330.00","290.99","339.90","? Energy Deficit"
"11.07.20 18:00","300.00","330.00","291.00","339.90","? Energy Deficit"
"11.07.20 19:00","300.54","340.54","291.52","350.76","? Energy Deficit"
"11.07.20 20:00","305.33","340.33","296.17","350.54","? Energy Deficit"
"11.07.20 21:00","305.83","346.00","296.66","356.38","? Energy Deficit"
"11.07.20 22:00","304.24","344.00","295.11","354.32","? Energy Deficit"
"11.07.20 23:00","300.18","335.10","291.17","345.15","? Energy Deficit"
"12.07.20 00:00","261.89","276.89","254.03","285.20","? Energy Deficit"
"12.07.20 01:00","301.31","301.31","292.27","310.35","?Energy Surplus"
"12.07.20 02:00","300.00","300.00","291.00","309.00","? Energy Deficit"
"12.07.20 03:00","275.28","275.28","267.02","283.54","? Energy Deficit"
"12.07.20 04:00","300.00","300.00","291.00","309.00","? In Balance"
"12.07.20 05:00","281.61","281.61","273.16","290.06","?Energy Surplus"
"12.07.20 06:00","197.49","207.49","191.57","213.71","? Energy Deficit"
"12.07.20 07:00","285.85","300.00","277.27","309.00","? Energy Deficit"
"12.07.20 08:00","261.89","262.00","254.03","269.86","? Energy Deficit"
"12.07.20 09:00","199.58","199.58","193.59","205.57","?Energy Surplus"
"12.07.20 10:00","271.56","271.56","263.41","279.71","? Energy Deficit"
"12.07.20 11:00","198.07","238.00","192.13","245.14","? Energy Deficit"
"12.07.20 12:00","196.69","231.60","190.79","238.55","? Energy Deficit"
"12.07.20 13:00","220.00","270.00","213.40","278.10","? Energy Deficit"
"12.07.20 14:00","250.01","295.01","242.51","303.86","? Energy Deficit"
"12.07.20 15:00","242.22","288.88","234.95","297.55","? Energy Deficit"
"12.07.20 16:00","205.75","256.75","199.58","264.45","? Energy Deficit"
"12.07.20 17:00","264.90","300.02","256.95","309.02","? Energy Deficit"
"12.07.20 18:00","264.90","300.02","256.95","309.02","? Energy Deficit"
"12.07.20 19:00","269.99","304.99","261.89","314.14","? Energy Deficit"
"12.07.20 20:00","304.59","334.00","295.45","344.02","? Energy Deficit"
"12.07.20 21:00","306.32","346.32","297.13","356.71","? Energy Deficit"
"12.07.20 22:00","304.84","334.70","295.69","344.74","? Energy Deficit"
"12.07.20 23:00","301.44","320.44","292.40","330.05","? Energy Deficit"
"13.07.20 00:00","300.79","310.79","291.77","320.11","? Energy Deficit"
"13.07.20 01:00","302.97","312.97","293.88","322.36","? Energy Deficit"
"13.07.20 02:00","301.27","311.27","292.23","320.61","? Energy Deficit"
"13.07.20 03:00","301.08","301.08","292.05","310.11","? Energy Deficit"
"13.07.20 04:00","300.79","285.79","277.22","309.81","?Energy Surplus"
"13.07.20 05:00","198.48","183.48","177.98","204.43","?Energy Surplus"
"13.07.20 06:00","140.01","140.01","135.81","144.21","?Energy Surplus"
"13.07.20 07:00","200.01","200.01","194.01","206.01","?Energy Surplus"
"13.07.20 08:00","300.63","301.00","291.61","310.03","? Energy Deficit"
"13.07.20 09:00","302.50","302.50","293.43","311.57","? Energy Deficit"
"13.07.20 10:00","305.01","205.00","198.85","314.16","?Energy Surplus"
"13.07.20 11:00","306.35","241.35","234.11","315.54","?Energy Surplus"
"13.07.20 12:00","300.00","262.00","254.14","309.00","?Energy Surplus"
"13.07.20 13:00","303.43","271.11","262.98","312.53","?Energy Surplus"
"13.07.20 14:00","309.90","319.90","300.60","329.50","? Energy Deficit"
"13.07.20 15:00","309.99","208.33","202.08","319.29","?Energy Surplus"
"13.07.20 16:00","310.62","208.33","202.08","319.94","?Energy Surplus"
"13.07.20 17:00","308.96","259.96","252.16","318.23","?Energy Surplus"
"13.07.20 18:00","303.45","313.45","294.35","322.85","? Energy Deficit"
"13.07.20 19:00","302.51","312.51","293.43","321.89","? Energy Deficit"
"13.07.20 20:00","306.70","316.70","297.50","326.20","? Energy Deficit"
"13.07.20 21:00","309.59","339.50","300.30","349.69","? Energy Deficit"
"13.07.20 22:00","307.25","317.25","298.03","326.77","? Energy Deficit"
"13.07.20 23:00","301.06","311.06","292.03","320.39","? Energy Deficit"
"14.07.20 00:00","283.32","233.32","226.32","291.82","?Energy Surplus"
"14.07.20 01:00","293.00","278.00","269.66","301.79","?Energy Surplus"
"14.07.20 02:00","281.89","266.89","258.88","290.35","?Energy Surplus"
"14.07.20 03:00","199.53","199.53","193.54","205.52","?Energy Surplus"
"14.07.20 04:00","219.36","246.36","212.78","253.75","? Energy Deficit"
"14.07.20 05:00","195.74","225.60","189.87","232.37","? Energy Deficit"
"14.07.20 06:00","193.87","220.87","188.05","227.50","? Energy Deficit"
"14.07.20 07:00","229.00","264.00","222.13","271.92","? Energy Deficit"
"14.07.20 08:00","290.00","327.00","281.30","336.81","? Energy Deficit"
"14.07.20 09:00","294.89","324.80","286.04","334.54","? Energy Deficit"
"14.07.20 10:00","300.00","310.00","291.00","319.30","? Energy Deficit"
"14.07.20 11:00","300.75","319.00","291.73","328.57","? Energy Deficit"
"14.07.20 12:00","292.04","302.04","283.28","311.10","? Energy Deficit"
"14.07.20 13:00","302.48","317.48","293.41","327.00","? Energy Deficit"
"14.07.20 14:00","308.21","327.21","298.96","337.03","? Energy Deficit"
"14.07.20 15:00","307.85","327.85","298.61","337.69","? Energy Deficit"
"14.07.20 16:00","307.02","329.99","297.81","339.89","? Energy Deficit"
"14.07.20 17:00","306.43","328.00","297.24","337.84","? Energy Deficit"
"14.07.20 18:00","302.50","332.50","293.43","342.48","? Energy Deficit"
"14.07.20 19:00","301.91","341.91","292.85","352.17","? Energy Deficit"
"14.07.20 20:00","308.81","350.00","299.55","360.50","? Energy Deficit"
"14.07.20 21:00","309.78","368.78","300.49","379.84","? Energy Deficit"
"14.07.20 22:00","307.21","358.21","297.99","368.96","? Energy Deficit"
"14.07.20 23:00","302.48","342.48","293.41","352.75","? Energy Deficit"
"15.07.20 00:00","278.89","322.89","270.52","332.58","? Energy Deficit"
"15.07.20 01:00","300.01","345.01","291.01","355.36","? Energy Deficit"
"15.07.20 02:00","278.00","330.00","269.66","339.90","? Energy Deficit"
"15.07.20 03:00","263.90","308.90","255.98","318.17","? Energy Deficit"
"15.07.20 04:00","277.99","307.90","269.65","317.14","? Energy Deficit"
"15.07.20 05:00","233.59","263.50","226.58","271.40","? Energy Deficit"
"15.07.20 06:00","197.09","232.09","191.18","239.05","? Energy Deficit"
"15.07.20 07:00","259.98","300.00","252.18","309.00","? Energy Deficit"
"15.07.20 08:00","299.99","329.90","290.99","339.80","? Energy Deficit"
"15.07.20 09:00","300.53","340.53","291.51","350.75","? Energy Deficit"
"15.07.20 10:00","303.77","338.77","294.66","348.93","? Energy Deficit"
"15.07.20 11:00","307.68","347.68","298.45","358.11","? Energy Deficit"
"15.07.20 12:00","304.35","344.35","295.22","354.68","? Energy Deficit"
"15.07.20 13:00","307.11","347.11","297.90","357.52","? Energy Deficit"
"15.07.20 14:00","309.21","354.21","299.93","364.84","? Energy Deficit"
"15.07.20 15:00","308.26","368.26","299.01","379.31","? Energy Deficit"
"15.07.20 16:00","308.55","368.55","299.29","379.61","? Energy Deficit"
"15.07.20 17:00","308.12","368.12","298.88","379.16","? Energy Deficit"
"15.07.20 18:00","307.97","358.00","298.73","368.74","? Energy Deficit"
"15.07.20 19:00","309.76","368.80","300.47","379.86","? Energy Deficit"
"15.07.20 20:00","315.00","375.00","305.55","386.25","? Energy Deficit"
"15.07.20 21:00","315.76","385.76","306.29","397.33","? Energy Deficit"
"15.07.20 22:00","314.48","354.48","305.05","365.11","? Energy Deficit"
"15.07.20 23:00","309.82","339.82","300.53","350.01","? Energy Deficit"
"16.07.20 00:00","303.28","313.28","294.18","322.68","? Energy Deficit"
"16.07.20 01:00","305.18","315.18","296.02","324.64","? Energy Deficit"
"16.07.20 02:00","302.86","319.86","293.77","329.46","? Energy Deficit"
"16.07.20 03:00","300.01","324.90","291.01","334.65","? Energy Deficit"
"16.07.20 04:00","286.10","311.10","277.52","320.43","? Energy Deficit"
"16.07.20 05:00","224.89","249.89","218.14","257.39","? Energy Deficit"
"16.07.20 06:00","221.88","236.88","215.22","243.99","? Energy Deficit"
"16.07.20 07:00","300.59","310.59","291.57","319.91","? Energy Deficit"
"16.07.20 08:00","313.22","313.24","303.82","322.64","? Energy Deficit"
"16.07.20 09:00","320.43","345.30","310.82","355.66","? Energy Deficit"
"16.07.20 10:00","323.86","361.86","314.14","372.72","? Energy Deficit"
"16.07.20 11:00","324.19","354.10","314.46","364.72","? Energy Deficit"
"16.07.20 12:00","317.02","327.02","307.51","336.83","? Energy Deficit"
"16.07.20 13:00","321.99","331.99","312.33","341.95","? Energy Deficit"
"16.07.20 14:00","327.04","342.04","317.23","352.30","? Energy Deficit"
"16.07.20 15:00","325.00","340.00","315.25","350.20","? Energy Deficit"
"16.07.20 16:00","322.08","342.00","312.42","352.26","? Energy Deficit"
"16.07.20 17:00","319.82","344.70","310.23","355.04","? Energy Deficit"
"16.07.20 18:00","313.84","313.86","304.42","323.28","? Energy Deficit"
"16.07.20 19:00","313.44","313.44","304.04","322.84","? Energy Deficit"
"16.07.20 20:00","320.41","208.75","202.49","330.02","?Energy Surplus"
"16.07.20 21:00","319.65","289.65","280.96","329.24","?Energy Surplus"
"16.07.20 22:00","316.67","266.67","258.67","326.17","?Energy Surplus"
"16.07.20 23:00","309.66","309.65","300.36","318.95","?Energy Surplus"
"17.07.20 00:00","307.23","208.75","202.49","316.45","?Energy Surplus"
"17.07.20 01:00","308.23","238.23","231.08","317.48","?Energy Surplus"
"17.07.20 02:00","303.82","254.00","246.38","312.93","?Energy Surplus"
"17.07.20 03:00","300.94","225.94","219.16","309.97","?Energy Surplus"
"17.07.20 04:00","285.00","235.00","227.95","293.55","?Energy Surplus"
"17.07.20 05:00","244.97","201.00","194.97","252.32","?Energy Surplus"
"17.07.20 06:00","198.56","198.55","192.59","204.52","?Energy Surplus"
"17.07.20 07:00","300.01","305.01","291.01","314.16","? Energy Deficit"
"17.07.20 08:00","310.11","235.11","228.06","319.41","?Energy Surplus"
"17.07.20 09:00","314.11","314.11","304.69","323.53","? In Balance"
"17.07.20 10:00","317.18","235.00","227.95","326.70","?Energy Surplus"
"17.07.20 11:00","316.08","245.00","237.65","325.56","?Energy Surplus"
"17.07.20 12:00","305.41","205.41","199.25","314.57","?Energy Surplus"
"17.07.20 13:00","306.22","202.18","196.11","315.41","?Energy Surplus"
"17.07.20 14:00","316.88","276.88","268.57","326.39","?Energy Surplus"
"17.07.20 15:00","317.85","317.85","308.31","327.39","? In Balance"
"17.07.20 16:00","320.06","320.06","310.46","329.66","? In Balance"
"17.07.20 17:00","319.99","319.99","310.39","329.59","? In Balance"
"17.07.20 18:00","314.11","314.11","304.69","323.53","? In Balance"
"17.07.20 19:00","313.41","313.41","304.01","322.81","? In Balance"
"17.07.20 20:00","318.79","268.79","260.73","328.35","?Energy Surplus"
"17.07.20 21:00","317.67","300.67","291.65","327.20","?Energy Surplus"
"17.07.20 22:00","314.69","314.69","305.25","324.13","?Energy Surplus"
"17.07.20 23:00","307.17","257.17","249.45","316.39","?Energy Surplus"
"18.07.20 00:00","300.76","315.00","291.74","324.45","? Energy Deficit"
"18.07.20 01:00","304.55","334.50","295.41","344.54","? Energy Deficit"
"18.07.20 02:00","301.55","341.55","292.50","351.80","? Energy Deficit"
"18.07.20 03:00","299.99","339.99","290.99","350.19","? Energy Deficit"
"18.07.20 04:00","298.63","335.00","289.67","345.05","? Energy Deficit"
"18.07.20 05:00","221.30","248.88","214.66","256.35","? Energy Deficit"
"18.07.20 06:00","194.65","204.65","188.81","210.79","? Energy Deficit"
"18.07.20 07:00","249.98","208.48","202.23","257.48","?Energy Surplus"
"18.07.20 08:00","300.26","225.26","218.50","309.27","?Energy Surplus"
"18.07.20 09:00","301.48","251.00","243.47","310.52","?Energy Surplus"
"18.07.20 10:00","304.57","255.00","247.35","313.71","?Energy Surplus"
"18.07.20 11:00","309.02","314.02","299.75","323.44","? Energy Deficit"
"18.07.20 12:00","304.88","314.88","295.73","324.33","? Energy Deficit"
"18.07.20 13:00","308.03","308.03","298.79","317.27","? Energy Deficit"
"18.07.20 14:00","311.48","321.48","302.14","331.12","? Energy Deficit"
"18.07.20 15:00","310.70","337.70","301.38","347.83","? Energy Deficit"
"18.07.20 16:00","308.73","338.60","299.47","348.76","? Energy Deficit"
"18.07.20 17:00","308.03","318.03","298.79","327.57","? Energy Deficit"
"18.07.20 18:00","309.10","339.00","299.83","349.17","? Energy Deficit"
"18.07.20 19:00","308.32","345.00","299.07","355.35","? Energy Deficit"
"18.07.20 20:00","315.87","350.87","306.39","361.40","? Energy Deficit"
"18.07.20 21:00","316.37","353.30","306.88","363.90","? Energy Deficit"
"18.07.20 22:00","313.84","348.84","304.42","359.31","? Energy Deficit"
"18.07.20 23:00","306.91","345.00","297.70","355.35","? Energy Deficit"
"19.07.20 00:00","306.47","333.47","297.28","343.47","? Energy Deficit"
"19.07.20 01:00","306.73","338.00","297.53","348.14","? Energy Deficit"
"19.07.20 02:00","304.57","329.57","295.43","339.46","? Energy Deficit"
"19.07.20 03:00","301.08","331.00","292.05","340.93","? Energy Deficit"
"19.07.20 04:00","300.00","329.90","291.00","339.80","? Energy Deficit"
"19.07.20 05:00","298.63","329.00","289.67","338.87","? Energy Deficit"
"19.07.20 06:00","223.89","250.89","217.17","258.42","? Energy Deficit"
"19.07.20 07:00","262.88","292.80","254.99","301.58","? Energy Deficit"
"19.07.20 08:00","195.29","222.29","189.43","228.96","? Energy Deficit"
"19.07.20 09:00","197.63","228.00","191.70","234.84","? Energy Deficit"
"19.07.20 10:00","299.99","308.99","290.99","318.26","? Energy Deficit"
"19.07.20 11:00","303.46","312.46","294.36","321.83","? Energy Deficit"
"19.07.20 12:00","303.52","334.00","294.41","344.02","? Energy Deficit"
"19.07.20 13:00","300.07","355.07","291.07","365.72","? Energy Deficit"
"19.07.20 14:00","302.00","351.99","292.94","362.55","? Energy Deficit"
"19.07.20 15:00","302.30","345.00","293.23","355.35","? Energy Deficit"
"19.07.20 16:00","302.45","342.45","293.38","352.72","? Energy Deficit"
"19.07.20 17:00","305.78","345.00","296.61","355.35","? Energy Deficit"
"19.07.20 18:00","308.28","347.39","299.03","357.81","? Energy Deficit"
"19.07.20 19:00","310.10","348.10","300.80","358.54","? Energy Deficit"
"19.07.20 20:00","317.12","357.12","307.61","367.83","? Energy Deficit"
"19.07.20 21:00","320.01","360.00","310.41","370.80","? Energy Deficit"
"19.07.20 22:00","318.55","353.55","308.99","364.16","? Energy Deficit"
"19.07.20 23:00","313.93","353.04","304.51","363.63","? Energy Deficit"
"20.07.20 00:00","307.03","336.03","297.82","346.11","? Energy Deficit"
"20.07.20 01:00","307.62","337.62","298.39","347.75","? Energy Deficit"
"20.07.20 02:00","306.05","341.05","296.87","351.28","? Energy Deficit"
"20.07.20 03:00","303.76","335.00","294.65","345.05","? Energy Deficit"
"20.07.20 04:00","301.71","311.71","292.66","321.06","? Energy Deficit"
"20.07.20 05:00","262.89","270.00","255.00","278.10","? Energy Deficit"
"20.07.20 06:00","249.98","208.49","202.24","257.48","?Energy Surplus"
"20.07.20 07:00","303.95","203.18","197.08","313.07","?Energy Surplus"
"20.07.20 08:00","314.87","214.87","208.42","324.32","?Energy Surplus"
"20.07.20 09:00","321.40","351.40","311.76","361.94","? Energy Deficit"
"20.07.20 10:00","325.97","362.90","316.19","373.79","? Energy Deficit"
"20.07.20 11:00","325.74","375.74","315.97","387.01","? Energy Deficit"
"20.07.20 12:00","319.99","368.80","310.39","379.86","? Energy Deficit"
"20.07.20 13:00","324.44","368.80","314.71","379.86","? Energy Deficit"
"20.07.20 14:00","334.99","385.00","324.94","396.55","? Energy Deficit"
"20.07.20 15:00","329.73","384.73","319.84","396.27","? Energy Deficit"
"20.07.20 16:00","329.60","379.60","319.71","390.99","? Energy Deficit"
"20.07.20 17:00","326.29","376.29","316.50","387.58","? Energy Deficit"
"20.07.20 18:00","321.22","376.22","311.58","387.51","? Energy Deficit"
"20.07.20 19:00","319.21","369.21","309.63","380.29","? Energy Deficit"
"20.07.20 20:00","325.01","368.80","315.26","379.86","? Energy Deficit"
"20.07.20 21:00","323.88","358.88","314.16","369.65","? Energy Deficit"
"20.07.20 22:00","320.00","330.00","310.40","339.90","? Energy Deficit"
"20.07.20 23:00","313.14","323.14","303.75","332.83","? Energy Deficit"
"21.07.20 00:00","307.43","317.43","298.21","326.95","? Energy Deficit"
"21.07.20 01:00","307.44","317.44","298.22","326.96","? Energy Deficit"
"21.07.20 02:00","304.06","314.06","294.94","323.48","? Energy Deficit"
"21.07.20 03:00","300.32","310.32","291.31","319.63","? Energy Deficit"
"21.07.20 04:00","262.89","262.89","255.00","270.78","? In Balance"
"21.07.20 05:00","221.69","221.69","215.04","228.34","? In Balance"
"21.07.20 06:00","197.82","207.82","191.89","214.05","? Energy Deficit"
"21.07.20 07:00","262.88","302.80","254.99","311.88","? Energy Deficit"
"21.07.20 08:00","306.41","345.00","297.22","355.35","? Energy Deficit"
"21.07.20 09:00","310.75","361.00","301.43","371.83","? Energy Deficit"
"21.07.20 10:00","313.97","358.97","304.55","369.74","? Energy Deficit"
"21.07.20 11:00","314.67","359.67","305.23","370.46","? Energy Deficit"
"21.07.20 12:00","307.03","345.00","297.82","355.35","? Energy Deficit"
"21.07.20 13:00","310.28","320.28","300.97","329.89","? Energy Deficit"
"21.07.20 14:00","315.74","353.85","306.27","364.47","? Energy Deficit"
"21.07.20 15:00","314.88","354.88","305.43","365.53","? Energy Deficit"
"21.07.20 16:00","314.88","354.88","305.43","365.53","? Energy Deficit"
"21.07.20 17:00","312.47","352.47","303.10","363.04","? Energy Deficit"
"21.07.20 18:00","308.49","338.88","299.24","349.05","? Energy Deficit"
"21.07.20 19:00","307.17","322.17","297.95","331.84","? Energy Deficit"
"21.07.20 20:00","313.45","319.00","304.05","328.57","? Energy Deficit"
"21.07.20 21:00","312.18","339.00","302.81","349.17","? Energy Deficit"
"21.07.20 22:00","309.08","344.00","299.81","354.32","? Energy Deficit"
"21.07.20 23:00","303.22","318.22","294.12","327.77","? Energy Deficit"
"22.07.20 00:00","307.20","307.20","297.98","316.42","? Energy Deficit"
"22.07.20 01:00","307.29","277.29","268.97","316.51","?Energy Surplus"
"22.07.20 02:00","304.52","201.18","195.14","313.66","?Energy Surplus"
"22.07.20 03:00","300.51","283.51","275.00","309.53","?Energy Surplus"
"22.07.20 04:00","262.89","262.89","255.00","270.78","? In Balance"
"22.07.20 05:00","245.16","245.16","237.81","252.51","? In Balance"
"22.07.20 06:00","201.53","201.53","195.48","207.58","?Energy Surplus"
"22.07.20 07:00","299.99","309.99","290.99","319.29","? Energy Deficit"
"22.07.20 08:00","308.89","278.89","270.52","318.16","?Energy Surplus"
"22.07.20 09:00","312.44","282.44","273.97","321.81","?Energy Surplus"
"22.07.20 10:00","316.86","201.18","195.14","326.37","?Energy Surplus"
"22.07.20 11:00","316.18","250.00","242.50","325.67","?Energy Surplus"
"22.07.20 12:00","310.65","220.70","214.08","319.97","?Energy Surplus"
"22.07.20 13:00","315.13","215.13","208.68","324.58","?Energy Surplus"
"22.07.20 14:00","322.02","292.02","283.26","331.68","?Energy Surplus"
"22.07.20 15:00","321.53","291.53","282.78","331.18","?Energy Surplus"
"22.07.20 16:00","322.15","336.00","312.49","346.08","? Energy Deficit"
"22.07.20 17:00","319.73","349.73","310.14","360.22","? Energy Deficit"
"22.07.20 18:00","316.52","349.00","307.02","359.47","? Energy Deficit"
"22.07.20 19:00","314.89","345.89","305.44","356.27","? Energy Deficit"
"22.07.20 20:00","318.19","338.19","308.64","348.34","? Energy Deficit"
"22.07.20 21:00","317.57","348.57","308.04","359.03","? Energy Deficit"
"22.07.20 22:00","314.61","345.61","305.17","355.98","? Energy Deficit"
"22.07.20 23:00","307.82","338.88","298.59","349.05","? Energy Deficit"
"23.07.20 00:00","302.22","327.22","293.15","337.04","? Energy Deficit"
"23.07.20 01:00","304.73","329.73","295.59","339.62","? Energy Deficit"
"23.07.20 02:00","302.12","322.12","293.06","331.78","? Energy Deficit"
"23.07.20 03:00","270.00","295.00","261.90","303.85","? Energy Deficit"
"23.07.20 04:00","258.99","283.99","251.22","292.51","? Energy Deficit"
"23.07.20 05:00","244.57","278.88","237.23","287.25","? Energy Deficit"
"23.07.20 06:00","221.69","221.69","215.04","228.34","? In Balance"
"23.07.20 07:00","300.83","338.88","291.81","349.05","? Energy Deficit"
"23.07.20 08:00","310.74","335.74","301.42","345.81","? Energy Deficit"
"23.07.20 09:00","314.43","344.43","305.00","354.76","? Energy Deficit"
"23.07.20 10:00","318.19","343.19","308.64","353.49","? Energy Deficit"
"23.07.20 11:00","317.17","352.00","307.65","362.56","? Energy Deficit"
"23.07.20 12:00","312.17","347.00","302.80","357.41","? Energy Deficit"
"23.07.20 13:00","317.71","347.71","308.18","358.14","? Energy Deficit"
"23.07.20 14:00","323.19","348.19","313.49","358.64","? Energy Deficit"
"23.07.20 15:00","323.69","358.00","313.98","368.74","? Energy Deficit"
"23.07.20 16:00","324.96","364.96","315.21","375.91","? Energy Deficit"
"23.07.20 17:00","322.39","362.39","312.72","373.26","? Energy Deficit"
"23.07.20 18:00","318.22","348.00","308.67","358.44","? Energy Deficit"
"23.07.20 19:00","316.45","341.45","306.96","351.69","? Energy Deficit"
"23.07.20 20:00","321.48","344.00","311.84","354.32","? Energy Deficit"
"23.07.20 21:00","320.26","345.00","310.65","355.35","? Energy Deficit"
"23.07.20 22:00","317.23","338.88","307.71","349.05","? Energy Deficit"
"23.07.20 23:00","310.95","335.95","301.62","346.03","? Energy Deficit"
"24.07.20 00:00","304.84","338.88","295.69","349.05","? Energy Deficit"
"24.07.20 01:00","306.27","338.95","297.08","349.12","? Energy Deficit"
"24.07.20 02:00","304.46","340.00","295.33","350.20","? Energy Deficit"
"24.07.20 03:00","301.24","340.00","292.20","350.20","? Energy Deficit"
"24.07.20 04:00","300.72","320.72","291.70","330.34","? Energy Deficit"
"24.07.20 05:00","284.99","304.99","276.44","314.14","? Energy Deficit"
"24.07.20 06:00","244.57","244.57","237.23","251.91","? In Balance"
"24.07.20 07:00","302.22","312.22","293.15","321.59","? Energy Deficit"
"24.07.20 08:00","312.05","332.05","302.69","342.01","? Energy Deficit"
"24.07.20 09:00","318.23","355.00","308.68","365.65","? Energy Deficit"
"24.07.20 10:00","323.63","353.63","313.92","364.24","? Energy Deficit"
"24.07.20 11:00","326.30","355.00","316.51","365.65","? Energy Deficit"
"24.07.20 12:00","318.73","355.00","309.17","365.65","? Energy Deficit"
"24.07.20 13:00","320.17","355.00","310.56","365.65","? Energy Deficit"
"24.07.20 14:00","349.99","374.99","339.49","386.24","? Energy Deficit"
"24.07.20 15:00","349.99","388.91","339.49","400.58","? Energy Deficit"
"24.07.20 16:00","341.42","381.00","331.18","392.43","? Energy Deficit"
"24.07.20 17:00","327.26","372.26","317.44","383.43","? Energy Deficit"
"24.07.20 18:00","322.23","367.23","312.56","378.25","? Energy Deficit"
"24.07.20 19:00","319.71","359.71","310.12","370.50","? Energy Deficit"
"24.07.20 20:00","323.46","362.46","313.76","373.33","? Energy Deficit"
"24.07.20 21:00","322.80","361.80","313.12","372.65","? Energy Deficit"
"24.07.20 22:00","319.80","355.00","310.21","365.65","? Energy Deficit"
"24.07.20 23:00","313.29","333.29","303.89","343.29","? Energy Deficit"
"25.07.20 00:00","301.85","321.85","292.79","331.51","? Energy Deficit"
"25.07.20 01:00","304.77","319.99","295.63","329.59","? Energy Deficit"
"25.07.20 02:00","301.97","321.97","292.91","331.63","? Energy Deficit"
"25.07.20 03:00","300.00","320.00","291.00","329.60","? Energy Deficit"
"25.07.20 04:00","262.99","282.90","255.10","291.39","? Energy Deficit"
"25.07.20 05:00","221.69","231.69","215.04","238.64","? Energy Deficit"
"25.07.20 06:00","193.26","203.26","187.46","209.36","? Energy Deficit"
"25.07.20 07:00","221.68","231.68","215.03","238.63","? Energy Deficit"
"25.07.20 08:00","300.40","330.00","291.39","339.90","? Energy Deficit"
"25.07.20 09:00","300.87","328.88","291.84","338.75","? Energy Deficit"
"25.07.20 10:00","304.77","314.77","295.63","324.21","? Energy Deficit"
"25.07.20 11:00","305.00","315.00","295.85","324.45","? Energy Deficit"
"25.07.20 12:00","301.94","309.99","292.88","319.29","? Energy Deficit"
"25.07.20 13:00","304.99","304.99","295.84","314.14","? Energy Deficit"
"25.07.20 14:00","307.66","307.66","298.43","316.89","? In Balance"
"25.07.20 15:00","306.13","306.13","296.95","315.31","? In Balance"
"25.07.20 16:00","305.13","315.13","295.98","324.58","? Energy Deficit"
"25.07.20 17:00","305.00","315.00","295.85","324.45","? Energy Deficit"
"25.07.20 18:00","306.28","316.28","297.09","325.77","? Energy Deficit"
"25.07.20 19:00","307.86","317.86","298.62","327.40","? Energy Deficit"
"25.07.20 20:00","312.26","322.26","302.89","331.93","? Energy Deficit"
"25.07.20 21:00","312.72","332.72","303.34","342.70","? Energy Deficit"
"25.07.20 22:00","309.22","329.22","299.94","339.10","? Energy Deficit"
"25.07.20 23:00","305.00","320.00","295.85","329.60","? Energy Deficit"
"26.07.20 00:00","311.13","326.13","301.80","335.91","? Energy Deficit"
"26.07.20 01:00","308.64","328.50","299.38","338.36","? Energy Deficit"
"26.07.20 02:00","304.58","314.58","295.44","324.02","? Energy Deficit"
"26.07.20 03:00","301.15","339.26","292.12","349.44","? Energy Deficit"
"26.07.20 04:00","301.37","336.37","292.33","346.46","? Energy Deficit"
"26.07.20 05:00","246.85","296.85","239.44","305.76","? Energy Deficit"
"26.07.20 06:00","226.69","266.69","219.89","274.69","? Energy Deficit"
"26.07.20 07:00","226.68","265.68","219.88","273.65","? Energy Deficit"
"26.07.20 08:00","295.00","345.00","286.15","355.35","? Energy Deficit"
"26.07.20 09:00","258.00","320.00","250.26","329.60","? Energy Deficit"
"26.07.20 10:00","199.74","280.00","193.75","288.40","? Energy Deficit"
"26.07.20 11:00","270.00","355.00","261.90","365.65","? Energy Deficit"
"26.07.20 12:00","300.00","360.00","291.00","370.80","? Energy Deficit"
"26.07.20 13:00","301.87","361.87","292.81","372.73","? Energy Deficit"
"26.07.20 14:00","303.71","375.00","294.60","386.25","? Energy Deficit"
"26.07.20 15:00","304.38","380.00","295.25","391.40","? Energy Deficit"
"26.07.20 16:00","304.91","384.91","295.76","396.46","? Energy Deficit"
"26.07.20 17:00","306.42","380.00","297.23","391.40","? Energy Deficit"
"26.07.20 18:00","308.53","393.53","299.27","405.34","? Energy Deficit"
"26.07.20 19:00","311.53","396.53","302.18","408.43","? Energy Deficit"
"26.07.20 20:00","318.20","403.20","308.65","415.30","? Energy Deficit"
"26.07.20 21:00","318.61","418.60","309.05","431.16","? Energy Deficit"
"26.07.20 22:00","317.05","391.16","307.54","402.89","? Energy Deficit"
"26.07.20 23:00","312.97","392.97","303.58","404.76","? Energy Deficit"
"27.07.20 00:00","309.87","344.87","300.57","355.22","? Energy Deficit"
"27.07.20 01:00","309.27","344.00","299.99","354.32","? Energy Deficit"
"27.07.20 02:00","306.15","341.00","296.97","351.23","? Energy Deficit"
"27.07.20 03:00","303.21","338.00","294.11","348.14","? Energy Deficit"
"27.07.20 04:00","302.40","327.40","293.33","337.22","? Energy Deficit"
"27.07.20 05:00","263.00","293.00","255.11","301.79","? Energy Deficit"
"27.07.20 06:00","228.69","248.69","221.83","256.15","? Energy Deficit"
"27.07.20 07:00","301.30","311.30","292.26","320.64","? Energy Deficit"
"27.07.20 08:00","313.84","243.84","236.52","323.26","?Energy Surplus"
"27.07.20 09:00","322.57","332.57","312.89","342.55","? Energy Deficit"
"27.07.20 10:00","327.59","358.98","317.76","369.75","? Energy Deficit"
"27.07.20 11:00","329.01","364.00","319.14","374.92","? Energy Deficit"
"27.07.20 12:00","324.46","360.00","314.73","370.80","? Energy Deficit"
"27.07.20 13:00","329.36","378.80","319.48","390.16","? Energy Deficit"
"27.07.20 14:00","350.00","424.00","339.50","436.72","? Energy Deficit"
"27.07.20 15:00","350.00","430.00","339.50","442.90","? Energy Deficit"
"27.07.20 16:00","350.00","435.00","339.50","448.05","? Energy Deficit"
"27.07.20 17:00","329.99","389.99","320.09","401.69","? Energy Deficit"
"27.07.20 18:00","323.82","360.00","314.11","370.80","? Energy Deficit"
"27.07.20 19:00","321.91","357.00","312.25","367.71","? Energy Deficit"
"27.07.20 20:00","326.32","366.32","316.53","377.31","? Energy Deficit"
"27.07.20 21:00","324.39","375.00","314.66","386.25","? Energy Deficit"
"27.07.20 22:00","319.90","369.89","310.30","380.99","? Energy Deficit"
"27.07.20 23:00","312.56","372.56","303.18","383.74","? Energy Deficit"
"28.07.20 00:00","312.16","342.16","302.80","352.42","? Energy Deficit"
"28.07.20 01:00","312.11","342.11","302.75","352.37","? Energy Deficit"
"28.07.20 02:00","307.69","337.69","298.46","347.82","? Energy Deficit"
"28.07.20 03:00","304.50","314.99","295.37","324.44","? Energy Deficit"
"28.07.20 04:00","301.92","311.92","292.86","321.28","? Energy Deficit"
"28.07.20 05:00","265.00","275.00","257.05","283.25","? Energy Deficit"
"28.07.20 06:00","232.93","222.93","216.24","239.92","?Energy Surplus"
"28.07.20 07:00","302.43","212.40","206.03","311.50","?Energy Surplus"
"28.07.20 08:00","312.87","302.87","293.78","322.26","?Energy Surplus"
"28.07.20 09:00","318.86","363.86","309.29","374.78","? Energy Deficit"
"28.07.20 10:00","322.85","368.00","313.16","379.04","? Energy Deficit"
"28.07.20 11:00","321.51","365.00","311.86","375.95","? Energy Deficit"
"28.07.20 12:00","313.94","365.00","304.52","375.95","? Energy Deficit"
"28.07.20 13:00","318.37","358.37","308.82","369.12","? Energy Deficit"
"28.07.20 14:00","323.96","359.00","314.24","369.77","? Energy Deficit"
"28.07.20 15:00","324.14","364.14","314.42","375.06","? Energy Deficit"
"28.07.20 16:00","324.56","373.56","314.82","384.77","? Energy Deficit"
"28.07.20 17:00","321.11","366.11","311.48","377.09","? Energy Deficit"
"28.07.20 18:00","315.80","365.79","306.33","376.76","? Energy Deficit"
"28.07.20 19:00","314.93","350.00","305.48","360.50","? Energy Deficit"
"28.07.20 20:00","321.46","356.46","311.82","367.15","? Energy Deficit"
"28.07.20 21:00","320.85","356.00","311.22","366.68","? Energy Deficit"
"28.07.20 22:00","317.66","348.26","308.13","358.71","? Energy Deficit"
"28.07.20 23:00","312.22","324.99","302.85","334.74","? Energy Deficit"
"29.07.20 00:00","308.65","318.65","299.39","328.21","? Energy Deficit"
"29.07.20 01:00","309.08","319.08","299.81","328.65","? Energy Deficit"
"29.07.20 02:00","304.96","314.96","295.81","324.41","? Energy Deficit"
"29.07.20 03:00","302.95","208.75","202.49","312.04","?Energy Surplus"
"29.07.20 04:00","300.88","260.88","253.05","309.91","?Energy Surplus"
"29.07.20 05:00","262.57","275.00","254.69","283.25","? Energy Deficit"
"29.07.20 06:00","232.93","232.93","225.94","239.92","? In Balance"
"29.07.20 07:00","300.71","301.00","291.69","310.03","? Energy Deficit"
"29.07.20 08:00","311.01","321.01","301.68","330.64","? Energy Deficit"
"29.07.20 09:00","321.43","262.43","254.56","331.07","?Energy Surplus"
"29.07.20 10:00","326.03","210.00","203.70","335.81","?Energy Surplus"
"29.07.20 11:00","327.50","327.50","317.68","337.32","? In Balance"
"29.07.20 12:00","322.14","322.14","312.48","331.80","? Energy Deficit"
"29.07.20 13:00","327.43","330.00","317.61","339.90","? Energy Deficit"
"29.07.20 14:00","349.99","365.00","339.49","375.95","? Energy Deficit"
"29.07.20 15:00","349.99","365.00","339.49","375.95","? Energy Deficit"
"29.07.20 16:00","330.00","360.00","320.10","370.80","? Energy Deficit"
"29.07.20 17:00","327.09","342.09","317.28","352.35","? Energy Deficit"
"29.07.20 18:00","322.04","339.99","312.38","350.19","? Energy Deficit"
"29.07.20 19:00","321.35","321.35","311.71","330.99","? Energy Deficit"
"29.07.20 20:00","325.98","236.00","228.92","335.76","?Energy Surplus"
"29.07.20 21:00","324.67","324.67","314.93","334.41","?Energy Surplus"
"29.07.20 22:00","321.60","231.60","224.65","331.25","?Energy Surplus"
"29.07.20 23:00","315.50","208.75","202.49","324.96","?Energy Surplus"
"30.07.20 00:00","307.14","355.00","297.93","365.65","? Energy Deficit"
"30.07.20 01:00","307.63","342.63","298.40","352.91","? Energy Deficit"
"30.07.20 02:00","304.32","334.32","295.19","344.35","? Energy Deficit"
"30.07.20 03:00","301.30","330.30","292.26","340.21","? Energy Deficit"
"30.07.20 04:00","303.74","303.74","294.63","312.85","? In Balance"
"30.07.20 05:00","301.61","301.61","292.56","310.66","? Energy Deficit"
"30.07.20 06:00","259.60","248.60","241.14","267.39","?Energy Surplus"
"30.07.20 07:00","259.00","269.00","251.23","277.07","? Energy Deficit"
"30.07.20 08:00","211.40","246.40","205.06","253.79","? Energy Deficit"
"30.07.20 09:00","210.82","254.00","204.50","261.62","? Energy Deficit"
"30.07.20 10:00","269.99","300.00","261.89","309.00","? Energy Deficit"
"30.07.20 11:00","299.99","329.99","290.99","339.89","? Energy Deficit"
"30.07.20 12:00","246.85","285.85","239.44","294.43","? Energy Deficit"
"30.07.20 13:00","298.00","323.00","289.06","332.69","? Energy Deficit"
"30.07.20 14:00","298.00","323.00","289.06","332.69","? Energy Deficit"
"30.07.20 15:00","288.77","323.70","280.11","333.41","? Energy Deficit"
"30.07.20 16:00","300.92","329.92","291.89","339.82","? Energy Deficit"
"30.07.20 17:00","303.00","325.00","293.91","334.75","? Energy Deficit"
"30.07.20 18:00","305.39","315.39","296.23","324.85","? Energy Deficit"
"30.07.20 19:00","309.15","319.15","299.88","328.72","? Energy Deficit"
"30.07.20 20:00","311.99","361.98","302.63","372.84","? Energy Deficit"
"30.07.20 21:00","310.75","360.75","301.43","371.57","? Energy Deficit"
"30.07.20 22:00","308.86","343.86","299.59","354.18","? Energy Deficit"
"30.07.20 23:00","302.82","333.00","293.74","342.99","? Energy Deficit"
"31.07.20 00:00","312.87","322.87","303.48","332.56","? Energy Deficit"
"31.07.20 01:00","308.67","332.67","299.41","342.65","? Energy Deficit"
"31.07.20 02:00","304.71","304.71","295.57","313.85","? Energy Deficit"
"31.07.20 03:00","300.02","210.00","203.70","309.02","?Energy Surplus"
"31.07.20 04:00","302.16","210.00","203.70","311.22","?Energy Surplus"
"31.07.20 05:00","300.59","220.59","213.97","309.61","?Energy Surplus"
"31.07.20 06:00","241.42","210.00","203.70","248.66","?Energy Surplus"
"31.07.20 07:00","300.19","205.00","198.85","309.20","?Energy Surplus"
"31.07.20 08:00","300.01","205.00","198.85","309.01","?Energy Surplus"
"31.07.20 09:00","196.72","113.75","110.34","202.62","?Energy Surplus"
"31.07.20 10:00","196.09","10.00","9.70","201.97","?Energy Surplus"
"31.07.20 11:00","219.98","10.00","9.70","226.58","?Energy Surplus"
"31.07.20 12:00","233.59","10.00","9.70","240.60","?Energy Surplus"
"31.07.20 13:00","217.40","123.75","120.04","223.92","?Energy Surplus"
"31.07.20 14:00","233.59","203.59","197.48","240.60","?Energy Surplus"
"31.07.20 15:00","210.66","180.66","175.24","216.98","?Energy Surplus"
"31.07.20 16:00","300.00","205.00","198.85","309.00","?Energy Surplus"
"31.07.20 17:00","304.73","205.00","198.85","313.87","?Energy Surplus"
"31.07.20 18:00","310.78","206.18","199.99","320.10","?Energy Surplus"
"31.07.20 19:00","317.79","260.00","252.20","327.32","?Energy Surplus"
"31.07.20 20:00","324.94","205.00","198.85","334.69","?Energy Surplus"
"31.07.20 21:00","325.98","266.98","258.97","335.76","?Energy Surplus"
"31.07.20 22:00","325.07","340.07","315.32","350.27","? Energy Deficit"
"31.07.20 23:00","321.78","210.00","203.70","331.43","?Energy Surplus"
